shape,family,kind,placement,mode,workers,sample,position,load_s,winner-lat_ms,winner-thr_ms,interior-lat_ms,interior-thr_ms,support-lat_ms,support-thr_ms,peak_rss_kib,checked_updates
small,incremental,min,spread,i-lean,32,-1,0,0.147470641,0.16181565,0.897444,0.16228945,0.5541425,,,1881984,4262848
small,incremental,min,spread,i-runtime,32,-1,1,0.214241734,0.16941415,1.5591558333333333,0.15930765,0.97108,,,1915268,4262848
small,incremental,min,spread,i-custom,32,-1,2,0.159182303,0.164468,0.8165501666666667,0.15677860000000002,0.42403416666666666,,,1882496,4262848
small,incremental,min,spread,i-runtime,32,0,0,0.27108365,0.17441109999999999,1.5505890000000002,0.17072525,0.8308263333333334,,,1972100,4262848
small,incremental,min,spread,i-custom,32,0,1,0.211852686,4.1772291,0.8268043333333334,0.16538270000000002,0.3570436666666666,,,1901132,4262848
small,incremental,min,spread,i-lean,32,0,2,0.147911695,0.16371335,0.8510763333333333,0.15671845,0.4799436666666666,,,1927768,4262848
small,incremental,min,spread,i-custom,32,1,0,0.17006732,0.16653725,10.172523166666666,5.1401641499999995,9.634427666666666,,,1913216,4262848
small,incremental,min,spread,i-lean,32,1,1,0.148492694,0.1656173,6.425828333333334,0.1604669,0.48109616666666666,,,1980308,4262848
small,incremental,min,spread,i-runtime,32,1,2,0.301787708,0.179606,1.4648913333333333,0.17222015,0.8261355,,,1999452,4262848
small,incremental,min,spread,i-lean,32,2,0,0.162002559,0.15831425000000002,0.9435730000000001,1.0958999999999999,0.5149791666666667,,,1923156,4262848
small,incremental,min,spread,i-runtime,32,2,1,0.358901877,1.9926157,1.6214643333333332,0.17065375,1.0977138333333334,,,1933700,4262848
small,incremental,min,spread,i-custom,32,2,2,0.2012266,4.99361725,10.122875666666667,4.99304465,10.1362085,,,1898576,4262848
small,incremental,min,spread,i-runtime,32,3,0,0.298240914,0.42720640000000004,1.3959130000000002,0.1718372,0.896255,,,1956232,4262848
small,incremental,min,spread,i-custom,32,3,1,0.172469346,0.16234389999999999,0.8714468333333333,0.1487287,1.1907125,,,1912700,4262848
small,incremental,min,spread,i-lean,32,3,2,0.191184477,0.18651109999999999,0.8994548333333334,0.1487686,0.5599361666666667,,,2068588,4262848
small,incremental,min,spread,i-custom,32,4,0,0.200340225,0.82140395,0.8283999999999999,0.16980185,0.4253048333333333,,,1874296,4262848
small,incremental,min,spread,i-lean,32,4,1,0.154681534,0.1630423,0.9196831666666667,0.166025,0.5407413333333334,,,1876352,4262848
small,incremental,min,spread,i-runtime,32,4,2,0.221373519,0.1743669,1.9381889999999997,0.1758913,0.8566573333333333,,,1908816,4262848
small,incremental,max,spread,i-lean,32,-1,0,0.160116264,0.1695121,0.9491035000000001,0.1604966,0.5755273333333333,,,1937808,4262848
small,incremental,max,spread,i-runtime,32,-1,1,0.355684586,4.69557205,9.544044333333334,4.9913314,10.074081666666666,,,1923668,4262848
small,incremental,max,spread,i-custom,32,-1,2,0.225713251,4.8429965,3.4644273333333335,0.15894024999999998,0.41638766666666666,,,1873996,4262848
small,incremental,max,spread,i-runtime,32,0,0,0.297544376,0.17323260000000001,1.502151666666667,0.16587455,1.2463393333333335,,,1896012,4262848
small,incremental,max,spread,i-custom,32,0,1,0.209598542,0.1625351,0.8378476666666667,0.16007865000000002,0.40614766666666663,,,1910860,4262848
small,incremental,max,spread,i-lean,32,0,2,0.173271156,0.16558725000000002,10.047101333333334,0.16975955,0.5141946666666667,,,1937496,4262848
small,incremental,max,spread,i-custom,32,1,0,0.209504295,4.6927219000000004,8.3938665,0.17100265,0.43616216666666663,,,1866316,4262848
small,incremental,max,spread,i-lean,32,1,1,0.196264254,0.2420256,1.029568,0.16957614999999998,0.5559861666666667,,,1893972,4262848
small,incremental,max,spread,i-runtime,32,1,2,0.275872325,0.17641115000000002,1.8036903333333332,0.4097207,0.8270686666666668,,,1909328,4262848
small,incremental,max,spread,i-lean,32,2,0,0.157825497,0.25099955,0.9764435000000001,0.15858535,1.2602586666666666,,,1943436,4262848
small,incremental,max,spread,i-runtime,32,2,1,0.277206332,0.18818825,1.8813813333333333,0.30798605,1.2182958333333334,,,1919056,4262848
small,incremental,max,spread,i-custom,32,2,2,0.17198988,0.1734874,0.8849136666666667,0.1720869,0.40516100000000005,,,1925712,4262848
small,incremental,max,spread,i-runtime,32,3,0,0.319102559,0.42530909999999994,1.978694,0.16898355,1.233358,,,1993824,4262848
small,incremental,max,spread,i-custom,32,3,1,0.194579151,0.1636408,0.8032003333333333,0.16507035,0.4022026666666667,,,1859660,4262848
small,incremental,max,spread,i-lean,32,3,2,0.169568806,0.16238429999999998,0.8724068333333334,0.1662279,0.46893516666666674,,,1925212,4262848
small,incremental,max,spread,i-custom,32,4,0,0.201122989,0.7301241,0.8649188333333333,0.16365935,0.41225,,,1906772,4262848
small,incremental,max,spread,i-lean,32,4,1,0.192648058,1.1706419,1.0130736666666667,0.1542875,0.5516761666666666,,,1909336,4262848
small,incremental,max,spread,i-runtime,32,4,2,0.252574613,0.1809863,1.9270721666666668,0.1757377,1.184205,,,1937796,4262848
small,incremental,sum,spread,i-lean,32,-1,0,0.208785161,4.2985846,0.9591443333333333,0.16332649999999999,0.5406686666666667,,,2003040,4525696
small,incremental,sum,spread,i-runtime,32,-1,1,0.356813334,3.48634105,1.8373051666666667,0.1717054,1.559769,,,1921620,4525696
small,incremental,sum,spread,i-custom,32,-1,2,0.211515359,0.17387930000000001,0.8524595,0.17590705,0.4542833333333334,,,2797772,4525696
small,incremental,sum,spread,i-runtime,32,0,0,0.293331989,0.1776997,1.5330871666666666,0.4211398,1.37561,,,1906768,4525696
small,incremental,sum,spread,i-custom,32,0,1,0.249184757,0.1703356,0.9153608333333333,0.16208119999999998,0.4183661666666667,,,2767056,4525696
small,incremental,sum,spread,i-lean,32,0,2,0.170872356,0.1637295,0.9409796666666667,0.16356569999999998,10.084314833333334,,,2027616,4525696
small,incremental,sum,spread,i-custom,32,1,0,0.256687682,4.99384955,9.6233625,4.246047549999999,10.174758833333334,,,2687172,4525696
small,incremental,sum,spread,i-lean,32,1,1,0.17391035,0.1745207,1.0198826666666665,0.29848090000000005,0.5121921666666667,,,2028132,4525696
small,incremental,sum,spread,i-runtime,32,1,2,0.277104888,0.1798987,2.730047666666667,0.1737888,1.5721321666666668,,,1933396,4525696
small,incremental,sum,spread,i-lean,32,2,0,0.218360785,5.192635350000001,10.106406333333334,0.38118014999999994,0.5919746666666666,,,2041436,4525696
small,incremental,sum,spread,i-runtime,32,2,1,0.253853377,0.18045695,1.684326666666667,0.1844234,1.6814116666666667,,,1956436,4525696
small,incremental,sum,spread,i-custom,32,2,2,0.211663165,0.1706237,0.8488015,0.15892420000000002,0.4176505,,,2845404,4525696
small,incremental,sum,spread,i-runtime,32,3,0,0.256355992,0.18092640000000001,1.8965611666666666,0.17511530000000003,1.4890971666666666,,,1912408,4525696
small,incremental,sum,spread,i-custom,32,3,1,0.231598166,0.15014645,0.917008,0.16470395,0.465157,,,2762752,4525696
small,incremental,sum,spread,i-lean,32,3,2,0.201247874,0.1659478,0.9359544999999999,0.15180244999999998,0.4907516666666667,,,1983064,4525696
small,incremental,sum,spread,i-custom,32,4,0,0.218159276,0.1706249,0.9808543333333333,0.15012845000000002,0.486167,,,2951396,4525696
small,incremental,sum,spread,i-lean,32,4,1,0.186457193,3.01411185,0.8866961666666667,0.16034739999999997,0.47834350000000003,,,2000784,4525696
small,incremental,sum,spread,i-runtime,32,4,2,0.274967154,0.18449955,1.4033531666666665,0.1678185,1.1026496666666668,,,1978968,4525696
small,incremental,count,spread,i-lean,32,-1,0,0.168749751,5.29291775,3.8659606666666666,0.17533925,0.5862503333333333,,,2122344,4525696
small,incremental,count,spread,i-runtime,32,-1,1,0.298295523,0.1749485,1.7182583333333337,0.3050096,1.3158785,,,1931652,4525696
small,incremental,count,spread,i-custom,32,-1,2,0.208897193,0.16802625,0.7963613333333334,0.15604955,0.3959226666666667,,,2855644,4525696
small,incremental,count,spread,i-runtime,32,0,0,0.329075384,0.1756058,1.4891724999999998,0.17227430000000002,1.342853,,,1964428,4525696
small,incremental,count,spread,i-custom,32,0,1,0.227383168,4.8423798,0.9954895,0.1640141,0.4920086666666667,,,2755272,4525696
small,incremental,count,spread,i-lean,32,0,2,0.174764659,0.1653828,0.8684178333333333,0.39735975,0.5016115,,,1942104,4525696
small,incremental,count,spread,i-custom,32,1,0,0.194004978,0.16228455000000003,0.820637,0.153154,0.4220643333333334,,,2861580,4525696
small,incremental,count,spread,i-lean,32,1,1,0.159237422,0.1753195,0.9750514999999998,0.17327494999999998,0.49942766666666666,,,1905240,4525696
small,incremental,count,spread,i-runtime,32,1,2,0.361561332,0.20902535000000003,1.9798508333333331,0.195794,1.4678525000000002,,,1983064,4525696
small,incremental,count,spread,i-lean,32,2,0,0.162793122,0.16574339999999999,0.9237311666666668,0.1669386,0.5119533333333334,,,1968524,4525696
small,incremental,count,spread,i-runtime,32,2,1,0.281410135,5.11083045,2.6567666666666665,0.1651999,1.5219646666666666,,,1862008,4525696
small,incremental,count,spread,i-custom,32,2,2,0.243970469,0.1945862,0.9417113333333332,0.15111115,0.483926,,,2700988,4525696
small,incremental,count,spread,i-runtime,32,3,0,0.231607365,0.1691883,1.4423544999999998,0.16435225,1.0416888333333334,,,1922132,4525696
small,incremental,count,spread,i-custom,32,3,1,0.198861759,0.1746551,0.7801241666666666,0.15596705,0.4464508333333333,,,2927636,4525696
small,incremental,count,spread,i-lean,32,3,2,0.163104261,0.1625564,0.9580728333333334,0.16617445,0.5039093333333333,,,1956448,4525696
small,incremental,count,spread,i-custom,32,4,0,0.231634795,4.9929630000000005,10.128086166666668,4.99423465,9.630440166666668,,,2712260,4525696
small,incremental,count,spread,i-lean,32,4,1,0.170410484,0.39857979999999993,0.9350016666666666,0.1587308,0.4906953333333333,,,1991264,4525696
small,incremental,count,spread,i-runtime,32,4,2,0.252255794,0.17971140000000002,1.5626185000000001,0.1677512,1.5497498333333333,,,1907068,4525696
large,incremental,min,spread,i-lean,32,-1,0,0.187201335,0.24490915000000002,0.33640783333333335,0.22444094999999997,0.709224,,,1898584,20704
large,incremental,min,spread,i-runtime,32,-1,1,0.292079024,4.20901565,11.521629833333334,0.54674195,11.585704499999999,,,1749048,20704
large,incremental,min,spread,i-custom,32,-1,2,0.184625176,0.15431625,0.26811266666666667,0.22135179999999996,0.26825716666666666,,,1788496,20704
large,incremental,min,spread,i-runtime,32,0,0,0.298289986,0.40066169999999995,12.200999833333332,0.51627245,11.553361500000001,,,1722932,20704
large,incremental,min,spread,i-custom,32,0,1,0.183726559,0.39393780000000006,0.29569983333333333,0.1454444,0.28305183333333334,,,1811024,20704
large,incremental,min,spread,i-lean,32,0,2,0.157658966,0.17493969999999998,0.3411925,0.17553639999999998,0.306055,,,1892436,20704
large,incremental,min,spread,i-custom,32,1,0,0.170759151,0.16910565,0.32489633333333334,0.38846579999999997,0.2753915,,,1804880,20704
large,incremental,min,spread,i-lean,32,1,1,0.165645686,4.6922171,7.6344736666666675,2.6150664,0.28841999999999995,,,1895004,20704
large,incremental,min,spread,i-runtime,32,1,2,0.181106655,0.57591485,8.135279166666667,0.48236054999999994,7.4168485,,,1737276,20704
large,incremental,min,spread,i-lean,32,2,0,0.156355794,0.17671094999999998,0.3528116666666667,0.1631205,0.29635083333333334,,,1874012,20704
large,incremental,min,spread,i-runtime,32,2,1,0.184076841,0.45134564999999993,6.864083333333333,0.53732295,18.189418333333332,,,1724980,20704
large,incremental,min,spread,i-custom,32,2,2,0.217592355,4.84103725,0.44706833333333335,0.14921204999999998,0.29338183333333334,,,1847380,20704
large,incremental,min,spread,i-runtime,32,3,0,0.296103627,4.677391699999999,11.053457,0.5232525499999999,12.4269725,,,1731128,20704
large,incremental,min,spread,i-custom,32,3,1,0.226122591,4.84221715,7.1391625,0.1927782,0.30656716666666667,,,1770064,20704
large,incremental,min,spread,i-lean,32,3,2,0.153429459,0.1797167,0.3494093333333333,0.16315055,0.3119498333333333,,,1915484,20704
large,incremental,min,spread,i-custom,32,4,0,0.182835641,0.16181655,0.30929533333333337,0.15735470000000001,0.27570616666666664,,,1763908,20704
large,incremental,min,spread,i-lean,32,4,1,0.151008549,0.16568875,0.31463250000000004,0.1605895,0.30401683333333335,,,1880664,20704
large,incremental,min,spread,i-runtime,32,4,2,0.191562168,0.447229,7.135439833333333,0.392202,7.731264666666667,,,1716792,20704
large,incremental,max,spread,i-lean,32,-1,0,0.173165836,4.991023650000001,8.134582666666667,4.8425213,7.6378061666666675,,,1827404,20704
large,incremental,max,spread,i-runtime,32,-1,1,0.198317642,0.40073679999999995,7.852468666666667,0.4647125,11.733477833333334,,,1710132,20704
large,incremental,max,spread,i-custom,32,-1,2,0.228761752,4.9891129,6.637471333333333,4.99312995,0.38683333333333336,,,1810508,20704
large,incremental,max,spread,i-runtime,32,0,0,0.307052184,4.8206756,17.0241615,4.670156749999999,18.157754166666667,,,1714228,20704
large,incremental,max,spread,i-custom,32,0,1,0.241872321,5.89179055,0.4001871666666666,0.16956965,0.2507988333333333,,,1781324,20704
large,incremental,max,spread,i-lean,32,0,2,0.198719954,0.16357865,0.2876885,0.15445709999999999,0.28345266666666663,,,1933776,20704
large,incremental,max,spread,i-custom,32,1,0,0.15661677,0.16754215,0.3142763333333333,0.14936185,0.29730816666666665,,,1822284,20704
large,incremental,max,spread,i-lean,32,1,1,0.172157169,0.16779155,0.32198766666666667,0.16156510000000002,1.0605676666666668,,,1937500,20704
large,incremental,max,spread,i-runtime,32,1,2,0.300810263,5.880016899999999,19.5162775,5.128519150000001,19.525653,,,1619360,20704
large,incremental,max,spread,i-lean,32,2,0,0.186905638,4.8407875,0.42764866666666673,0.16977285,0.29455716666666665,,,1926236,20704
large,incremental,max,spread,i-runtime,32,2,1,0.288673544,0.5467784,11.283586333333334,0.58780445,12.622107999999999,,,1730616,20704
large,incremental,max,spread,i-custom,32,2,2,0.179187438,0.16751985,0.30865383333333335,0.16255225,0.2850551666666667,,,1830996,20704
large,incremental,max,spread,i-runtime,32,3,0,0.287315634,4.83066525,19.1648475,4.978317649999999,18.653464,,,1769532,20704
large,incremental,max,spread,i-custom,32,3,1,0.238174272,1.59740185,2.2580976666666666,4.972666800000001,7.1374648333333335,,,1803852,20704
large,incremental,max,spread,i-lean,32,3,2,0.193866167,6.642225399999999,7.633248333333333,5.2925056,7.471625333333333,,,1923164,20704
large,incremental,max,spread,i-custom,32,4,0,0.237065603,5.4408213,7.635110999999999,0.1981642,0.25968050000000004,,,1804356,20704
large,incremental,max,spread,i-lean,32,4,1,0.202936502,5.14201525,8.135283833333334,4.691603049999999,7.638972166666666,,,1839184,20704
large,incremental,max,spread,i-runtime,32,4,2,0.30910546,6.1804054,19.158558,5.2792832999999995,11.377096166666668,,,1702456,20704
large,incremental,sum,spread,i-lean,32,-1,0,0.199359153,5.74222095,1.250108,0.16432755,0.28273533333333334,,,1847896,37408
large,incremental,sum,spread,i-runtime,32,-1,1,0.301961319,7.080775900000001,17.021127333333332,0.5213473,11.356776833333335,,,1714740,37408
large,incremental,sum,spread,i-custom,32,-1,2,0.237119143,0.87355045,0.2901085,0.1585292,0.2815231666666667,,,2617528,37408
large,incremental,sum,spread,i-runtime,32,0,0,0.181828197,0.38783219999999996,8.057827333333334,0.41562785,8.422842333333334,,,1696304,37408
large,incremental,sum,spread,i-custom,32,0,1,0.181959471,0.16952795,0.29921800000000004,0.15041995000000002,0.2762295,,,2800340,37408
large,incremental,sum,spread,i-lean,32,0,2,0.184452794,3.4916773999999995,0.3249395,0.16364475,1.1047341666666668,,,1900628,37408
large,incremental,sum,spread,i-custom,32,1,0,0.216597792,0.1687711,0.27022700000000005,0.1838991,0.2833981666666667,,,2732228,37408
large,incremental,sum,spread,i-lean,32,1,1,0.197279681,4.98935545,8.136036,5.4428013,8.139395500000001,,,1929312,37408
large,incremental,sum,spread,i-runtime,32,1,2,0.184592681,0.40029064999999997,8.252408,0.5688784,11.458541000000002,,,1698360,37408
large,incremental,sum,spread,i-lean,32,2,0,0.203454773,0.1934186,0.30345333333333335,0.17019525,0.2679168333333333,,,1912916,37408
large,incremental,sum,spread,i-runtime,32,2,1,0.292195878,4.9808704,17.0467085,5.0159897,14.877853833333333,,,1720372,37408
large,incremental,sum,spread,i-custom,32,2,2,0.205093627,0.15175965,0.31335233333333334,0.15893335,0.28397433333333333,,,2715848,37408
large,incremental,sum,spread,i-runtime,32,3,0,0.221510371,0.41594305,9.387520499999999,0.41548055,7.869459833333333,,,1733184,37408
large,incremental,sum,spread,i-custom,32,3,1,0.233334178,4.841253549999999,7.134172833333333,0.18373095,0.2820856666666667,,,2820304,37408
large,incremental,sum,spread,i-lean,32,3,2,0.150393801,0.17161385,0.32646033333333335,0.16498545,0.26193466666666665,,,1944156,37408
large,incremental,sum,spread,i-custom,32,4,0,0.226617583,4.98975745,7.6384240000000005,0.16959180000000001,0.2962673333333333,,,2639544,37408
large,incremental,sum,spread,i-lean,32,4,1,0.165357792,0.16527045,0.3138978333333334,0.16056215000000001,0.27393883333333335,,,2005596,37408
large,incremental,sum,spread,i-runtime,32,4,2,0.21838323,0.41646455000000004,7.899496333333333,0.4612203,8.471239500000001,,,1737784,37408
large,incremental,count,spread,i-lean,32,-1,0,0.196680911,4.8411003,0.39454300000000003,0.17235499999999998,0.32785100000000006,,,1862228,37408
large,incremental,count,spread,i-runtime,32,-1,1,0.213260435,0.45298815000000003,11.078310833333333,0.56322705,10.369412833333334,,,1708596,37408
large,incremental,count,spread,i-custom,32,-1,2,0.18691522,0.17680815,1.1145148333333335,0.1640527,0.2707245,,,2873572,37408
large,incremental,count,spread,i-runtime,32,0,0,0.180956983,0.46782895,7.366776833333334,0.44579395,9.083552000000001,,,1694256,37408
large,incremental,count,spread,i-custom,32,0,1,0.1837958,0.16840349999999998,0.2983211666666667,0.40803645,0.28818516666666666,,,2789584,37408
large,incremental,count,spread,i-lean,32,0,2,0.185826929,3.449404,0.34482883333333336,0.16474725,1.0557668333333332,,,1964128,37408
large,incremental,count,spread,i-custom,32,1,0,0.210099342,0.16874245000000002,0.293987,0.1670495,0.28331,,,2773196,37408
large,incremental,count,spread,i-lean,32,1,1,0.145418224,0.1686089,0.323567,0.15779435,0.28053866666666666,,,1904724,37408
large,incremental,count,spread,i-runtime,32,1,2,0.177583041,0.42462175,8.685927,0.41094264999999996,8.77459,,,1700400,37408
large,incremental,count,spread,i-lean,32,2,0,0.170674124,0.19340620000000003,1.1732306666666668,0.1633344,1.1018906666666666,,,1932384,37408
large,incremental,count,spread,i-runtime,32,2,1,0.298204878,9.32973705,21.164849,6.3288908500000005,37.637503833333334,,,1702456,37408
large,incremental,count,spread,i-custom,32,2,2,0.210687263,4.64187235,7.139785833333334,4.992315,8.1411075,,,2607796,37408
large,incremental,count,spread,i-runtime,32,3,0,0.262412141,0.42430565,11.033255000000002,0.51105835,11.869472,,,1725500,37408
large,incremental,count,spread,i-custom,32,3,1,0.228043753,6.6417922,7.638786500000001,4.83900455,8.141410833333333,,,2521780,37408
large,incremental,count,spread,i-lean,32,3,2,0.162983369,0.16844074999999997,0.31874033333333335,0.15793085,0.24425650000000002,,,1901140,37408
large,incremental,count,spread,i-custom,32,4,0,0.181352396,0.1717505,0.30378483333333334,0.1638884,0.2763333333333333,,,2909924,37408
large,incremental,count,spread,i-lean,32,4,1,0.146031553,0.17075020000000002,0.347258,0.17040185000000002,0.3144531666666667,,,1925724,37408
large,incremental,count,spread,i-runtime,32,4,2,0.251896539,0.41682085,7.895219666666667,0.4095823,8.202560666666667,,,1735224,37408
small-dup,incremental,min,spread,i-lean,32,-1,0,0.175864698,7.094389049999999,10.584095999999999,4.79448585,4.818748833333333,0.16309805,0.6154035,1835596,1262848
small-dup,incremental,min,spread,i-runtime,32,-1,1,0.221609011,4.99942915,1.3652988333333331,0.15278585,1.2715746666666667,0.1709271,1.193869,1423412,1262848
small-dup,incremental,min,spread,i-custom,32,-1,2,0.133319528,0.16601115000000002,0.6661976666666666,0.166134,0.4839588333333333,0.15368484999999998,0.355717,1833036,1262848
small-dup,incremental,min,spread,i-runtime,32,0,0,0.224544364,2.4730397500000003,1.4627415000000001,0.1589356,1.029123,0.16999925,1.0385648333333333,1458736,1262848
small-dup,incremental,min,spread,i-custom,32,0,1,0.131775483,0.17308004999999999,0.6973168333333334,0.1637235,0.5033880000000001,0.16560024999999998,0.3411596666666667,1806412,1262848
small-dup,incremental,min,spread,i-lean,32,0,2,0.146418661,4.99345525,0.7677631666666667,0.16042865,0.5419470000000001,0.38565295,0.47295083333333326,1849364,1262848
small-dup,incremental,min,spread,i-custom,32,1,0,0.153959784,2.1299003,0.6043346666666667,0.15784499999999999,0.471824,0.40651209999999993,0.3522163333333333,1819208,1262848
small-dup,incremental,min,spread,i-lean,32,1,1,0.177897572,5.4444537,9.590727,4.69397105,10.116219833333334,4.6936368,10.1233455,1819212,1262848
small-dup,incremental,min,spread,i-runtime,32,1,2,0.227606177,4.8515147,9.537660833333332,5.2916269,9.563359,0.19582855,1.1539756666666667,1374548,1262848
small-dup,incremental,min,spread,i-lean,32,2,0,0.175433398,6.193806050000001,10.091284,0.183578,0.5636373333333333,0.13629560000000002,0.42261516666666665,1799248,1262848
small-dup,incremental,min,spread,i-runtime,32,2,1,0.143722339,0.17988690000000002,1.3832626666666668,0.16401090000000002,0.949265,0.15376225,0.8645525,1439792,1262848
small-dup,incremental,min,spread,i-custom,32,2,2,0.131223969,0.15406815000000001,0.5943736666666667,0.15811445,0.5122606666666667,0.1609097,0.38488916666666667,1804872,1262848
small-dup,incremental,min,spread,i-runtime,32,3,0,0.240761028,6.2006841999999995,9.5313815,0.3253701,1.4027068333333332,0.17493375,1.1905603333333334,1368108,1262848
small-dup,incremental,min,spread,i-custom,32,3,1,0.176446793,4.45046815,0.6142456666666667,0.144418,0.42701716666666667,0.15717255,0.3668128333333333,1837136,1262848
small-dup,incremental,min,spread,i-lean,32,3,2,0.129352025,0.1623046,0.7121375,0.15018895,0.5595598333333333,0.15287145,0.43030166666666664,1837652,1262848
small-dup,incremental,min,spread,i-custom,32,4,0,0.133360634,0.148088,0.6130543333333334,0.15744699999999998,0.4686325,0.1592502,0.3912638333333333,1825356,1262848
small-dup,incremental,min,spread,i-lean,32,4,1,0.174475666,4.6934051,9.085352166666667,4.49487095,0.7490523333333333,0.1740091,0.5100031666666667,1819216,1262848
small-dup,incremental,min,spread,i-runtime,32,4,2,0.23052709,4.99782515,9.529637000000001,2.9167288499999997,0.9780678333333334,0.1718437,0.8329625000000002,1453404,1262848
small-dup,incremental,max,spread,i-lean,32,-1,0,0.17648143,6.29414785,0.7104058333333333,0.16107975,0.5909665000000001,0.15274585,0.3815996666666666,1820748,1262848
small-dup,incremental,max,spread,i-runtime,32,-1,1,0.228561899,0.44392770000000004,1.6245014999999998,0.1770989,0.9481031666666667,0.1668746,0.8443438333333333,1453916,1262848
small-dup,incremental,max,spread,i-custom,32,-1,2,0.147186649,1.1497442999999998,0.712529,0.1563922,0.5770606666666667,0.1471494,0.3823366666666666,1813076,1262848
small-dup,incremental,max,spread,i-runtime,32,0,0,0.230979693,8.0003517,10.191315833333332,1.11573025,1.6210735000000003,0.1775569,1.2063305,1429856,1262848
small-dup,incremental,max,spread,i-custom,32,0,1,0.183490636,4.69445765,1.3634301666666666,0.1630899,0.541726,0.39831134999999995,0.39649633333333334,1810508,1262848
small-dup,incremental,max,spread,i-lean,32,0,2,0.142717565,0.1952265,0.8408648333333334,0.1604061,0.642269,0.22333240000000001,0.49503849999999994,1807952,1262848
small-dup,incremental,max,spread,i-custom,32,1,0,0.189030377,5.145388649999999,0.7828263333333334,0.1523119,0.7228585000000001,0.16278620000000002,0.3726228333333333,1830480,1262848
small-dup,incremental,max,spread,i-lean,32,1,1,0.156146899,6.34347265,9.585465666666666,1.43539405,2.7155325,5.8768002500000005,0.5346798333333334,1802828,1262848
small-dup,incremental,max,spread,i-runtime,32,1,2,0.181687628,0.1699531,1.8840329999999998,0.1620087,1.3720398333333332,0.1720804,1.2230056666666667,1442140,1262848
small-dup,incremental,max,spread,i-lean,32,2,0,0.134829198,0.16487559999999998,0.7679108333333332,0.16812355,0.6104391666666666,0.15733545,0.4998291666666667,1857616,1262848
small-dup,incremental,max,spread,i-runtime,32,2,1,0.208915972,0.1699367,1.2328016666666668,0.1645043,1.5684721666666668,0.1522174,0.9518344999999999,1409584,1262848
small-dup,incremental,max,spread,i-custom,32,2,2,0.129698299,0.1620097,0.6858533333333333,0.16188,0.45081616666666663,0.15328234999999998,0.35652916666666673,1819220,1262848
small-dup,incremental,max,spread,i-runtime,32,3,0,0.138602334,0.68778045,1.8754118333333334,0.41313829999999996,1.3221505,0.17199345,1.2090368333333334,1428012,1262848
small-dup,incremental,max,spread,i-custom,32,3,1,0.181997832,7.094748200000001,10.109609666666667,5.193216,10.126864666666668,0.1857547,0.4289176666666667,1792584,1262848
small-dup,incremental,max,spread,i-lean,32,3,2,0.168807819,4.8441711,10.0906635,4.992680099999999,10.113648833333334,5.24326235,10.1272645,1765444,1262848
small-dup,incremental,max,spread,i-custom,32,4,0,0.181682568,6.1951273,0.6978646666666667,0.1585763,0.5110686666666667,0.16068264999999998,0.39538333333333336,1798732,1262848
small-dup,incremental,max,spread,i-lean,32,4,1,0.149648168,4.69388225,10.088909666666666,4.843856400000001,10.1118485,4.543956100000001,9.626028166666666,1771596,1262848
small-dup,incremental,max,spread,i-runtime,32,4,2,0.232664046,6.4979045499999994,10.692108166666669,5.4470859,10.064573833333332,4.99307255,10.073120666666666,1417260,1262848
small-dup,incremental,sum,spread,i-lean,32,-1,0,0.141608397,0.15380224999999997,0.7539538333333334,0.16646425,0.6229501666666667,0.16116950000000002,0.3856903333333333,1790332,1525696
small-dup,incremental,sum,spread,i-runtime,32,-1,1,0.161030304,0.178518,1.7558185,0.1693889,1.621234,0.1718034,1.0820376666666667,1450540,1525696
small-dup,incremental,sum,spread,i-custom,32,-1,2,0.177415402,5.1439299,10.1032515,5.143166450000001,0.7133318333333335,0.1723927,0.42665099999999995,1800772,1525696
small-dup,incremental,sum,spread,i-runtime,32,0,0,0.185492298,0.1779932,1.7848816666666665,0.17827075,1.6015141666666668,0.1684469,1.1313950000000002,1471024,1525696
small-dup,incremental,sum,spread,i-custom,32,0,1,0.141020622,0.14764515,0.7009791666666668,0.1634541,0.498629,0.15565965,0.36679583333333327,1765448,1525696
small-dup,incremental,sum,spread,i-lean,32,0,2,0.1802123,0.16107359999999998,0.7612416666666667,0.16063415,0.6094283333333333,0.15019849999999998,0.39720383333333326,1770056,1525696
small-dup,incremental,sum,spread,i-custom,32,1,0,0.149277423,0.14784799999999998,0.6688199999999999,0.15321995000000002,0.5795918333333333,0.14646889999999999,0.41361066666666674,1821256,1525696
small-dup,incremental,sum,spread,i-lean,32,1,1,0.13812604,0.16083165,0.7007675,0.1580552,0.5495633333333333,0.1553909,0.3800843333333333,1792080,1525696
small-dup,incremental,sum,spread,i-runtime,32,1,2,0.227988286,4.9992868,9.196629833333333,3.9783713999999994,1.7032703333333332,0.17434480000000002,1.9591648333333334,1423404,1525696
small-dup,incremental,sum,spread,i-lean,32,2,0,0.131761336,0.15852835,0.8236455,0.17450525,0.6462964999999999,0.21818025,0.42912866666666666,1806924,1525696
small-dup,incremental,sum,spread,i-runtime,32,2,1,0.23487559,5.14865395,9.518316666666665,4.84226715,9.541279666666666,5.7404873,9.558709833333333,1423916,1525696
small-dup,incremental,sum,spread,i-custom,32,2,2,0.142167221,0.1647188,0.6628871666666666,0.16004815,0.5195774999999999,0.1607347,0.4052665,1845836,1525696
small-dup,incremental,sum,spread,i-runtime,32,3,0,0.226323839,0.17967205000000003,1.9146849999999997,0.1709715,1.6504481666666664,0.35337945,1.8334136666666667,1464876,1525696
small-dup,incremental,sum,spread,i-custom,32,3,1,0.139005799,0.1583046,0.6842828333333334,0.15394734999999998,0.5466603333333333,0.15866470000000002,0.4003388333333333,1837128,1525696
small-dup,incremental,sum,spread,i-lean,32,3,2,0.137788112,0.1544924,0.6672801666666667,0.1528267,0.5300283333333333,0.15503465,1.1820518333333332,1869908,1525696
small-dup,incremental,sum,spread,i-custom,32,4,0,0.137969862,0.1566564,0.6003211666666667,0.1554742,0.5004606666666668,0.1528851,0.37304016666666673,1870416,1525696
small-dup,incremental,sum,spread,i-lean,32,4,1,0.130828072,0.15998065,0.7279909999999999,0.15691485,0.6138558333333334,0.16433405,0.41340250000000006,1855568,1525696
small-dup,incremental,sum,spread,i-runtime,32,4,2,0.23135808,4.8498008,9.187500666666667,3.92771955,1.7874023333333333,0.17526755,1.1874283333333333,1474608,1525696
small-dup,incremental,count,spread,i-lean,32,-1,0,0.152020731,4.8441327,10.0953605,0.1900585,0.6411776666666668,0.1611631,0.40977016666666666,1817168,1525696
small-dup,incremental,count,spread,i-runtime,32,-1,1,0.235913344,4.995518,10.213812166666667,0.18217995,1.7460958333333334,0.18241915,1.1724063333333332,1489968,1525696
small-dup,incremental,count,spread,i-custom,32,-1,2,0.169175342,0.25624505000000003,0.7377341666666667,0.14975045,9.599151666666666,5.5931696,10.136040666666666,1836924,1525696
small-dup,incremental,count,spread,i-runtime,32,0,0,0.168768463,0.17694349999999998,1.852869833333333,0.17495925,1.5426673333333334,0.16889669999999998,1.0983186666666667,1411624,1525696
small-dup,incremental,count,spread,i-custom,32,0,1,0.169986211,4.99321795,10.110014999999999,0.6663368999999999,0.574692,0.1572077,0.43817316666666667,1816444,1525696
small-dup,incremental,count,spread,i-lean,32,0,2,0.165874065,5.44378965,9.588259500000001,4.693350799999999,9.619064833333333,5.14095745,10.130276833333333,1838160,1525696
small-dup,incremental,count,spread,i-custom,32,1,0,0.138785369,0.1659525,0.633939,0.15498805,0.5091825,0.15443639999999997,0.3724701666666667,1835592,1525696
small-dup,incremental,count,spread,i-lean,32,1,1,0.12760598,0.1653113,0.6855548333333332,0.14541725,0.5275385,0.1551053,1.2345811666666666,1835612,1525696
small-dup,incremental,count,spread,i-runtime,32,1,2,0.141673117,0.1775261,2.146848,0.17168809999999998,1.1824693333333334,0.17444965,0.8373821666666666,1439788,1525696
small-dup,incremental,count,spread,i-lean,32,2,0,0.125835387,0.1624464,0.7570570000000001,0.14886365,0.6128876666666666,0.16631615,0.41603100000000004,1817164,1525696
small-dup,incremental,count,spread,i-runtime,32,2,1,0.138740254,0.17488155,1.2253363333333334,0.16589745,1.4958805000000002,0.17796859999999998,0.8790936666666668,1421148,1525696
small-dup,incremental,count,spread,i-custom,32,2,2,0.176190626,4.9939122000000005,6.991477166666667,0.157553,0.5271511666666667,0.15598145000000002,0.3728385,1813064,1525696
small-dup,incremental,count,spread,i-runtime,32,3,0,0.191664539,0.17022199999999998,1.4328528333333332,0.16957675,1.2389185,0.16716515,0.8414061666666667,1460572,1525696
small-dup,incremental,count,spread,i-custom,32,3,1,0.191489742,0.19598805,0.7141160000000001,0.1551062,0.5823501666666666,0.16610475,0.44080366666666665,1855052,1525696
small-dup,incremental,count,spread,i-lean,32,3,2,0.1667882,4.84215,10.098283833333333,5.4444224,10.122734666666666,5.29426735,9.624482166666667,1788492,1525696
small-dup,incremental,count,spread,i-custom,32,4,0,0.139522137,0.16003545,0.7366596666666667,0.1669062,0.564305,0.16081005,0.42431066666666667,1851780,1525696
small-dup,incremental,count,spread,i-lean,32,4,1,0.169503321,0.1715829,0.8485453333333334,0.16528535000000003,0.6236659999999999,0.16668605,0.42774033333333333,1858132,1525696
small-dup,incremental,count,spread,i-runtime,32,4,2,0.226135485,0.15949375,1.8673648333333333,0.1675299,1.1912718333333332,0.27787554999999997,0.8520060000000002,1468976,1525696
large-dup,incremental,min,spread,i-lean,32,-1,0,0.132341712,0.17547324999999997,0.3215981666666667,0.16535155,0.299785,0.1510921,0.2785531666666667,1806408,20704
large-dup,incremental,min,spread,i-runtime,32,-1,1,0.146261401,0.22444495,1.8999545,0.21093505,2.5013275,0.25390295,1.9908886666666665,1247744,20704
large-dup,incremental,min,spread,i-custom,32,-1,2,0.178952218,0.19451539999999998,0.3220581666666667,0.17161355,0.314443,0.17138985,0.30640866666666666,1845844,20704
large-dup,incremental,min,spread,i-runtime,32,0,0,0.226596134,5.1387557,7.693664833333333,1.6015441,2.176315,0.2604038,3.0680483333333335,1315336,20704
large-dup,incremental,min,spread,i-custom,32,0,1,0.131556576,0.16743445,0.26367199999999996,0.15661920000000001,0.284605,0.15856785,0.26571283333333334,1858128,20704
large-dup,incremental,min,spread,i-lean,32,0,2,0.154308573,0.15633740000000002,0.3421991666666666,0.1580793,0.30472133333333334,0.16031755,0.246918,1795660,20704
large-dup,incremental,min,spread,i-custom,32,1,0,0.132078284,0.16586055,0.8558748333333334,0.15763335,0.30558633333333335,0.20581895,0.2775025,1830988,20704
large-dup,incremental,min,spread,i-lean,32,1,1,0.159706066,4.84095595,6.633419166666667,2.71003775,0.2784663333333333,0.16606995,0.2787658333333333,1831504,20704
large-dup,incremental,min,spread,i-runtime,32,1,2,0.212928554,0.24920975000000004,2.592477166666667,0.4506756500000001,2.0477588333333334,0.24149854999999998,2.6105739999999997,1278468,20704
large-dup,incremental,min,spread,i-lean,32,2,0,0.170722388,4.8395917,0.3109255,0.1573002,0.3087826666666667,0.16090215,0.3129725,1761284,20704
large-dup,incremental,min,spread,i-runtime,32,2,1,0.225723461,4.8395329,7.024486666666665,4.6837119000000005,7.523927833333334,5.138727149999999,6.665836166666668,1278464,20704
large-dup,incremental,min,spread,i-custom,32,2,2,0.164525472,2.6059039499999996,0.3316568333333333,0.15885705,0.24896833333333332,0.15701325000000002,0.22413516666666666,1849944,20704
large-dup,incremental,min,spread,i-runtime,32,3,0,0.222503152,4.6885546,7.480332833333333,0.25748,2.5205425,0.27023335,2.4107168333333333,1282564,20704
large-dup,incremental,min,spread,i-custom,32,3,1,0.1799923,0.16832785,0.2940565,0.1492828,0.30136083333333336,0.14660585,0.26880566666666666,1818704,20704
large-dup,incremental,min,spread,i-lean,32,3,2,0.127218254,0.16476995,0.35111333333333333,0.16009045,0.30518116666666667,0.1584967,0.25850449999999997,1855568,20704
large-dup,incremental,min,spread,i-custom,32,4,0,0.12859539,0.16665219999999997,0.295751,0.16253769999999998,0.28570633333333334,0.1551459,1.0599058333333333,1823304,20704
large-dup,incremental,min,spread,i-lean,32,4,1,0.17023165,4.8419648,3.1306116666666663,0.165354,0.26217083333333335,0.16890945000000002,0.29116566666666666,1787976,20704
large-dup,incremental,min,spread,i-runtime,32,4,2,0.148662497,0.24410575000000004,1.9214779999999998,0.22334955,2.4906468333333334,0.2643872,2.1074006666666665,1304576,20704
large-dup,incremental,max,spread,i-lean,32,-1,0,0.128736596,0.1671489,0.31357399999999996,0.15982775,0.2927848333333333,0.1611945,1.0537128333333334,1792588,20704
large-dup,incremental,max,spread,i-runtime,32,-1,1,0.150432639,0.23915949999999997,1.909438,0.22079195000000001,2.0558908333333332,0.2667944,2.5545585,1239040,20704
large-dup,incremental,max,spread,i-custom,32,-1,2,0.183358113,0.18904970000000001,0.2920466666666666,0.16100965,0.284551,0.16189579999999998,1.0410395,1761356,20704
large-dup,incremental,max,spread,i-runtime,32,0,0,0.170900506,0.23161750000000003,2.0830845,0.25156265,1.9739885,0.25435814999999995,3.0764258333333334,1255940,20704
large-dup,incremental,max,spread,i-custom,32,0,1,0.177996995,4.99206095,7.636443,0.18279815,0.2812055,0.1543581,0.273941,1843792,20704
large-dup,incremental,max,spread,i-lean,32,0,2,0.128736159,0.17522775,0.3312146666666666,0.16394835,0.27462516666666664,0.1623909,0.24407800000000002,1855564,20704
large-dup,incremental,max,spread,i-custom,32,1,0,0.173413353,5.59183265,6.637455333333334,0.9175127999999999,0.3226125,0.16062775,0.289659,1821264,20704
large-dup,incremental,max,spread,i-lean,32,1,1,0.139114925,0.15634055,0.31806466666666666,0.15817195,0.3020026666666667,0.15089515,0.30941783333333334,1841224,20704
large-dup,incremental,max,spread,i-runtime,32,1,2,0.136215551,0.24786505,2.4261760000000003,0.2349873,1.9880578333333334,0.24891000000000002,2.749717,1241604,20704
large-dup,incremental,max,spread,i-lean,32,2,0,0.133311295,0.16352755000000002,0.3162815,0.156975,0.2516015,0.15752205,0.2933343333333333,1876560,20704
large-dup,incremental,max,spread,i-runtime,32,2,1,0.182090779,0.23676424999999995,1.9596951666666664,0.2337641,2.7720453333333333,0.2510475,3.153622,1309188,20704
large-dup,incremental,max,spread,i-custom,32,2,2,0.140904213,0.1632212,0.30586800000000003,0.15775814999999999,0.30276316666666664,0.16224465,8.033046833333334,1851984,20704
large-dup,incremental,max,spread,i-runtime,32,3,0,0.225597154,4.83862085,7.009693833333333,5.139221900000001,7.687362833333334,4.988723500000001,7.4965145,1245696,20704
large-dup,incremental,max,spread,i-custom,32,3,1,0.184879268,5.54223225,7.138395833333333,0.19318835,0.2908523333333333,0.15130665,0.2713008333333333,1819724,20704
large-dup,incremental,max,spread,i-lean,32,3,2,0.175233041,5.29165315,0.4268081666666667,0.1635959,0.31374599999999997,0.16448495000000002,0.29007200000000005,1806416,20704
large-dup,incremental,max,spread,i-custom,32,4,0,0.181118268,0.19259785000000001,0.3297501666666667,0.17800175000000001,0.315704,0.16614635,0.32241783333333335,1804880,20704
large-dup,incremental,max,spread,i-lean,32,4,1,0.169577377,4.99115805,7.135668,4.15868895,0.3311615,0.1577695,0.29663866666666666,1812560,20704
large-dup,incremental,max,spread,i-runtime,32,4,2,0.172725769,0.24450320000000003,2.2136665,0.2168636,1.952485,0.26120909999999997,2.143411,1278476,20704
large-dup,incremental,sum,spread,i-lean,32,-1,0,0.159683827,4.68582755,7.148536,0.1662785,0.302316,0.16554895,0.27423566666666666,1792588,37408
large-dup,incremental,sum,spread,i-runtime,32,-1,1,0.180166782,0.2518059,3.0440183333333333,0.26277115,3.2309223333333335,0.27290475,7.1739603333333335,1241088,37408
large-dup,incremental,sum,spread,i-custom,32,-1,2,0.156790998,4.83863955,0.3864813333333333,0.15271980000000002,0.2856471666666667,0.16348535000000003,0.27345616666666667,1860172,37408
large-dup,incremental,sum,spread,i-runtime,32,0,0,0.225878808,4.9385647,7.026370666666668,0.29809070000000004,2.973459333333333,0.2992678,3.0583871666666673,1228804,37408
large-dup,incremental,sum,spread,i-custom,32,0,1,0.171492571,4.6431581,7.633932833333334,5.1437586,7.638316333333333,5.1432477,7.6391555,1831504,37408
large-dup,incremental,sum,spread,i-lean,32,0,2,0.185939875,5.4399331,0.3138626666666667,0.1597792,0.2655445,0.1588047,0.26895850000000004,1835088,37408
large-dup,incremental,sum,spread,i-custom,32,1,0,0.162475983,5.2899918999999995,7.138914833333334,0.15955245,0.30610866666666664,0.15698235,0.23533316666666668,1894480,37408
large-dup,incremental,sum,spread,i-lean,32,1,1,0.164787919,4.378908050000001,0.31540783333333333,0.1595407,0.301155,0.1628983,0.2733893333333333,1856080,37408
large-dup,incremental,sum,spread,i-runtime,32,1,2,0.158932682,0.27342865,3.0741953333333334,0.2792499,3.1080868333333336,0.28705800000000004,2.9402199999999996,1267712,37408
large-dup,incremental,sum,spread,i-lean,32,2,0,0.172632054,5.642328900000001,7.638258666666666,5.14326335,7.137799333333334,4.54375275,7.1397734999999996,1792588,37408
large-dup,incremental,sum,spread,i-runtime,32,2,1,0.221730883,1.18259215,3.0862935,0.25489639999999997,3.1583235000000003,0.2758843,3.1253740000000003,1246728,37408
large-dup,incremental,sum,spread,i-custom,32,2,2,0.170954864,4.98869105,7.137729833333332,4.689897650000001,0.40954583333333333,0.24172450000000004,0.2421515,1798732,37408
large-dup,incremental,sum,spread,i-runtime,32,3,0,0.225907158,0.5080992,3.151348,0.2824993,3.2803775,0.28382255,3.218701833333333,1295364,37408
large-dup,incremental,sum,spread,i-custom,32,3,1,0.141508762,0.15229055,0.5842243333333333,0.16013125,0.28325700000000004,0.15907785,0.2878731666666667,1853520,37408
large-dup,incremental,sum,spread,i-lean,32,3,2,0.126796526,0.16820870000000002,0.31094133333333335,0.15965285,0.32045433333333334,0.1578742,0.6995966666666668,1798220,37408
large-dup,incremental,sum,spread,i-custom,32,4,0,0.135556997,0.16613125,0.31339316666666667,0.1656465,0.2905736666666667,0.1591013,0.27670883333333335,1888840,37408
large-dup,incremental,sum,spread,i-lean,32,4,1,0.158179234,4.8400459499999995,6.635365666666668,4.6928455,0.4000881666666667,4.86404065,0.29749383333333335,1813072,37408
large-dup,incremental,sum,spread,i-runtime,32,4,2,0.183389474,0.2474207,1.9170046666666665,0.23305374999999998,2.789507,0.25078835,2.7750676666666667,1241096,37408
large-dup,incremental,count,spread,i-lean,32,-1,0,0.131060835,0.15217995,0.3160248333333333,0.1614299,0.3000661666666667,0.15729089999999998,1.0527773333333332,1790536,37408
large-dup,incremental,count,spread,i-runtime,32,-1,1,0.131054582,0.23506915,3.115535166666667,0.4166543,3.353730666666667,0.27336275,3.129910833333333,1212420,37408
large-dup,incremental,count,spread,i-custom,32,-1,2,0.180669546,4.99309865,0.3962016666666666,0.1665395,0.5728188333333334,0.1692734,0.2828151666666667,1856080,37408
large-dup,incremental,count,spread,i-runtime,32,0,0,0.145491588,0.24574375,2.7804165,0.22801075,3.1951818333333333,0.2732618,2.860251,1344520,37408
large-dup,incremental,count,spread,i-custom,32,0,1,0.155382303,0.47952734999999996,9.6261985,1.1658875,7.1616195,3.6246701999999997,0.2891801666666667,1904724,37408
large-dup,incremental,count,spread,i-lean,32,0,2,0.132021501,0.1646715,0.33579549999999997,0.16318445,0.3601783333333333,0.1632005,0.28598033333333334,1853520,37408
large-dup,incremental,count,spread,i-custom,32,1,0,0.14598402,0.16355435000000001,0.2559613333333333,0.16081655,0.26535349999999996,0.16325214999999998,0.2804315,1785412,37408
large-dup,incremental,count,spread,i-lean,32,1,1,0.127835957,0.15974,0.322432,0.1584741,0.2782091666666667,0.15877020000000003,0.26749566666666663,1842768,37408
large-dup,incremental,count,spread,i-runtime,32,1,2,0.211070612,0.2473738,2.0893945,0.2285999,2.8315593333333333,0.23940705,2.1737848333333334,1296388,37408
large-dup,incremental,count,spread,i-lean,32,2,0,0.16639724,4.6915853499999995,8.138434666666667,0.42747250000000003,0.2658725,0.16597685,0.4003908333333334,1806412,37408
large-dup,incremental,count,spread,i-runtime,32,2,1,0.138351338,0.22483915,2.4784876666666666,0.22167035000000004,1.9819116666666667,0.24623420000000001,2.685091,1266176,37408
large-dup,incremental,count,spread,i-custom,32,2,2,0.143256771,0.16073184999999998,0.317642,0.1637598,0.29313966666666663,0.16254079999999999,0.27316383333333333,1868368,37408
large-dup,incremental,count,spread,i-runtime,32,3,0,0.132632215,0.2708631,2.188058,0.48148925,1.9923061666666666,0.24859955,2.072862833333333,1234944,37408
large-dup,incremental,count,spread,i-custom,32,3,1,0.148308585,0.1648959,0.250175,0.1518447,1.1094826666666666,0.16734600000000002,0.272531,1865300,37408
large-dup,incremental,count,spread,i-lean,32,3,2,0.178307215,5.4425958,7.137008833333333,0.18998475,0.29916766666666667,0.1641097,0.2695923333333333,1807944,37408
large-dup,incremental,count,spread,i-custom,32,4,0,0.139954677,0.1710522,0.614785,0.15865655,0.25157666666666667,0.15605275000000002,0.266625,1820748,37408
large-dup,incremental,count,spread,i-lean,32,4,1,0.141013939,0.16329339999999998,0.3503268333333333,0.1506231,0.30598716666666664,0.16194135,0.2856263333333333,1837132,37408
large-dup,incremental,count,spread,i-runtime,32,4,2,0.174623948,0.24315295000000003,3.0910123333333335,4.97817225,5.4955818333333335,0.23833535,2.204349666666667,1273864,37408
